[{"_allAttributes":null,"_properties":null,"_methods":null,"file":"d:/Companies/Elements/Project_Task/activeProjects/force-app/main/default/lwc/activeProjects/activeProjects.js","metadata":{"decorators":[{"type":"wire","targets":[{"type":"method","name":"wiredProjectsHandler","static":{},"params":{},"adapter":{"name":"getActiveProjects","reference":"@salesforce/apex/ProjectController.getActiveProjects"}}]}],"classMembers":[{"name":"projects","type":"property","loc":{"start":{"line":7,"column":4},"end":{"line":7,"column":13}}},{"name":"wiredProjects","type":"property","loc":{"start":{"line":8,"column":4},"end":{"line":8,"column":18}}},{"name":"wiredProjectsHandler","type":"method","decorator":"wire","loc":{"start":{"line":11,"column":4},"end":{"line":23,"column":5}}},{"name":"markAsCompleted","type":"method","loc":{"start":{"line":26,"column":4},"end":{"line":31,"column":5}}}],"declarationLoc":{"start":{"line":6,"column":0},"end":{"line":32,"column":1}},"doc":"","exports":[{"type":"ExportDefaultDeclaration"}]},"updatedAt":"2024-12-18T17:39:54.853Z"}]